name	gender	region	1920	1925	1930	1935	1940	1945	1950	1955	1960	1965	1970	1975	1980	1985	1990	1995	2000	2005	2010	2015	2020
DĀVIS	boys	latvia	0	0	0	0	0	0	0	0	0	0	0	0	0	100	42	8	19	18	37	46	65
DEIVIDS	boys	latvia	0	0	0	0	0	0	0	0	0	0	0	0	0	0	0	0	92	81	88	81	76
DENISS	boys	latvia	0	0	0	0	0	0	0	0	0	0	0	59	21	18	20	23	21	24	32	49	81
DMITRIJS	boys	latvia	0	0	0	0	0	0	92	89	86	52	31	10	7	7	7	11	20	23	26	43	68
DOMINIKS	boys	latvia	0	0	0	0	0	0	0	0	0	0	0	0	0	0	0	0	0	0	66	25	14
EDGARS	boys	latvia	19	19	18	25	30	34	40	32	33	36	18	12	12	3	2	3	9	20	31	52	79
EDUARDS	boys	latvia	13	13	22	26	32	33	55	62	52	43	36	44	58	52	44	40	31	37	43	39	54
EDVARDS	boys	latvia	0	0	0	0	0	0	0	0	0	0	0	0	0	0	0	89	58	42	29	31	38
EMĪLS	boys	latvia	83	0	0	0	0	0	0	0	0	0	0	0	0	0	67	13	10	12	9	6	5
ERNESTS	boys	latvia	22	28	42	69	77	90	0	0	0	0	0	0	0	0	0	0	73	47	22	15	12
EVERTS	boys	latvia	0	0	0	0	0	0	0	0	0	0	0	0	0	0	0	0	0	0	0	86	32
ĒRIKS	boys	latvia	54	37	34	34	23	22	23	24	31	32	40	52	63	66	50	35	30	50	73	77	89
GABRIELS	boys	latvia	0	0	0	0	0	0	0	0	0	0	0	0	0	0	0	0	0	0	67	44	28
GUSTAVS	boys	latvia	0	0	0	0	0	0	0	0	0	0	0	0	0	0	0	0	76	29	3	2	4
HARALDS	boys	latvia	0	68	69	66	76	87	87	90	0	0	0	0	0	0	0	0	0	0	91	53	51
HENRIJS	boys	latvia	0	0	0	0	0	0	0	0	0	0	0	0	0	0	0	0	0	92	71	61	41
HUGO	boys	latvia	84	0	0	0	0	0	0	0	0	0	0	0	0	0	0	0	0	0	0	68	33
IĻJA	boys	latvia	0	0	0	0	0	0	0	0	0	0	0	0	82	72	62	56	27	30	23	42	70
IVANS	boys	latvia	12	12	10	10	17	20	16	28	41	58	75	97	79	84	91	0	0	68	68	58	80
JĀNIS	boys	latvia	1	1	1	1	1	1	1	1	1	1	1	1	1	1	1	1	1	8	12	11	22
JEGORS	boys	latvia	0	0	0	0	0	0	0	0	0	0	0	0	0	0	0	0	0	66	52	50	75
JĒKABS	boys	latvia	34	54	74	0	82	0	0	0	0	0	0	0	0	0	0	0	81	69	35	17	10
KĀRLIS	boys	latvia	3	4	8	6	7	12	26	36	54	74	80	67	68	39	18	19	17	16	15	5	8
KIRILS	boys	latvia	0	0	0	0	0	0	0	0	0	0	0	0	0	94	86	73	63	39	44	45	64
KLĀVS	boys	latvia	0	0	0	0	0	0	0	0	0	0	0	0	0	0	96	80	80	99	98	96	72
KRISTAPS	boys	latvia	99	0	0	0	0	0	0	0	0	0	0	90	48	19	6	4	5	14	18	22	46
KRISTERS	boys	latvia	0	0	0	0	0	0	0	0	0	0	0	0	0	0	0	96	22	9	13	19	25
KRISTIANS	boys	latvia	0	0	0	0	0	0	0	0	0	0	0	0	0	0	0	0	0	67	56	78	57
KRISTIĀNS	boys	latvia	0	0	0	0	0	0	0	0	0	0	0	0	0	0	0	65	34	26	38	62	61
KRISTOFERS	boys	latvia	0	0	0	0	0	0	0	0	0	0	0	0	0	0	0	0	93	71	72	59	31
KRIŠJĀNIS	boys	latvia	0	0	0	0	0	0	0	0	0	0	0	0	0	0	99	0	100	90	70	60	73
LEONARDS	boys	latvia	79	77	60	54	78	78	0	95	0	0	0	0	0	0	0	0	0	0	0	0	86
LEONS	boys	latvia	44	33	27	31	38	51	72	80	97	0	0	0	0	0	0	0	0	0	0	0	83
MAKSIMS	boys	latvia	0	0	0	0	0	0	0	0	0	0	0	58	24	23	17	16	8	5	5	14	20
MARATS	boys	latvia	0	0	0	0	0	0	0	0	0	0	0	0	0	0	0	0	0	0	0	100	97
MARKS	boys	latvia	0	0	0	0	0	0	0	0	0	0	0	0	0	0	0	67	42	32	17	12	3
MARKUSS	boys	latvia	0	0	0	0	0	0	0	0	0	0	0	0	0	0	0	0	32	3	2	3	6
MARSELS	boys	latvia	0	0	0	0	0	0	0	0	0	0	0	0	0	0	0	0	0	0	0	90	66
MARTINS	boys	latvia	0	0	0	0	0	0	0	0	0	0	0	0	0	0	0	0	0	65	42	21	27
MATĪSS	boys	latvia	0	0	0	0	0	0	0	0	0	0	0	0	0	0	33	26	25	25	25	33	48
MATVEJS	boys	latvia	0	0	0	0	0	0	0	0	0	0	0	0	0	0	0	0	0	0	69	55	36
MĀRCIS	boys	latvia	0	0	0	0	0	0	0	0	0	0	0	100	87	76	49	52	62	57	59	67	90
MĀRTIŅŠ	boys	latvia	64	67	91	51	36	24	42	58	74	87	50	15	10	6	3	5	11	17	21	27	56
MIHAILS	boys	latvia	29	31	41	46	42	35	25	25	32	47	45	48	37	28	47	62	61	56	41	34	35
MIKS	boys	latvia	0	0	0	0	0	0	0	0	0	0	0	0	0	0	0	0	75	85	58	54	63
RENĀRS	boys	latvia	0	0	0	0	0	0	0	0	0	0	0	65	67	67	76	92	38	36	36	30	37
RIČARDS	boys	latvia	0	0	0	0	0	0	0	0	0	0	0	0	0	0	0	39	13	13	14	18	18
RIHARDS	boys	latvia	71	61	55	56	61	69	93	99	0	0	79	0	89	56	23	14	18	19	20	26	43
ROBERTS	boys	latvia	18	21	21	22	24	28	47	52	61	59	59	71	73	53	26	7	4	2	1	1	2
RODRIGO	boys	latvia	0	0	0	0	0	0	0	0	0	0	0	0	0	0	0	0	0	89	61	51	44
RŪDOLFS	boys	latvia	37	34	67	80	92	97	0	0	0	0	0	0	0	0	83	54	47	55	46	38	39
TEODORS	boys	latvia	47	59	87	0	0	0	0	0	0	0	0	0	0	0	0	0	0	0	0	91	21
TIMOFEJS	boys	latvia	0	0	0	0	0	0	0	0	0	0	0	0	0	0	0	0	0	0	0	85	71
TIMURS	boys	latvia	0	0	0	0	0	0	0	0	0	0	0	0	0	0	0	0	0	88	24	23	29
TOMASS	boys	latvia	0	0	0	0	0	0	0	0	0	0	0	0	0	0	0	0	51	35	40	29	16
TOMS	boys	latvia	0	0	0	0	0	0	0	0	0	0	0	0	0	73	13	9	14	15	16	20	19
VALTERS	boys	latvia	0	0	0	0	0	0	0	0	0	0	0	0	0	0	0	68	66	46	33	28	30
VIESTURS	boys	latvia	0	94	0	86	60	71	63	53	70	75	78	83	93	91	93	98	0	0	0	94	94
ĀRONS	boys	latvia	0	0	0	0	0	0	0	0	0	0	0	0	0	0	0	0	0	0	0	0	84
STEFANS	boys	latvia	0	0	0	0	0	0	0	0	0	0	0	0	0	0	0	0	0	0	0	0	91
MAIKLS	boys	latvia	0	0	0	0	0	0	0	0	0	0	0	0	0	0	0	0	0	0	0	0	93
ADRIANS	boys	latvia	0	0	0	0	0	0	0	0	0	0	0	0	0	0	0	0	90	28	11	13	9
ALBERTS	boys	latvia	10	9	12	9	21	31	48	71	83	0	0	0	0	0	0	0	0	0	92	66	47
ALEKSANDRS	boys	latvia	6	7	9	7	9	6	4	3	3	4	4	2	2	2	5	6	3	6	6	8	11
ALEKSEJS	boys	latvia	61	63	75	83	70	57	49	49	42	44	33	9	9	12	12	24	28	33	34	48	87
ALEKSS	boys	latvia	0	0	0	0	0	0	0	0	0	0	0	0	0	0	0	0	0	49	28	24	15
ANDREJS	boys	latvia	23	23	29	21	12	13	15	16	11	8	5	4	3	4	8	12	15	22	27	36	67
ARMANDS	boys	latvia	0	0	0	0	0	0	0	0	48	33	38	37	44	37	41	37	35	54	53	63	98
ARTEMIJS	boys	latvia	0	0	0	0	0	0	0	0	0	0	0	0	0	0	0	0	0	97	96	82	99
ARTJOMS	boys	latvia	0	0	0	0	0	0	0	0	0	0	0	0	90	60	28	27	12	10	7	7	23
ARTURS	boys	latvia	26	26	39	58	65	96	0	91	98	97	90	92	80	40	22	33	41	52	63	74	88
ARTŪRS	boys	latvia	31	35	51	73	71	88	91	78	71	62	55	51	29	8	4	2	2	4	10	10	17
AUGUSTS	boys	latvia	25	53	68	87	96	0	0	0	0	0	0	0	0	0	0	0	0	0	0	0	62
BOGDANS	boys	latvia	0	0	0	0	0	0	0	0	0	0	0	0	0	0	0	0	0	0	0	80	74
BRUNO	boys	latvia	60	51	63	79	83	0	0	0	0	0	0	0	0	0	0	0	0	0	89	72	58
DAMIRS	boys	latvia	0	0	0	0	0	0	0	0	0	0	0	0	0	0	0	0	0	0	0	65	55
DANIELS	boys	latvia	0	0	0	0	0	0	0	0	0	0	0	0	0	0	0	48	7	1	4	9	7
DANIILS	boys	latvia	0	0	0	0	0	0	0	0	0	0	0	0	0	0	0	0	48	21	30	32	50
DAVIDS	boys	latvia	0	0	0	0	0	0	0	0	0	0	0	0	0	0	0	0	0	0	0	75	53
MIĶELIS	boys	latvia	46	57	0	0	0	0	0	0	0	0	0	0	0	0	0	0	0	0	87	57	52
NIKITA	boys	latvia	0	0	0	0	0	0	0	0	0	0	0	0	0	0	0	0	95	48	47	56	59
NIKS	boys	latvia	0	0	0	0	0	0	0	0	0	0	0	0	0	0	0	85	26	34	50	73	85
ŅIKITA	boys	latvia	0	0	0	0	0	0	0	0	0	0	0	0	0	0	81	21	6	11	19	40	60
OLIVERS	boys	latvia	0	0	0	0	0	0	0	0	0	0	0	0	0	0	0	0	0	0	55	16	1
OSKARS	boys	latvia	39	64	0	0	91	84	74	61	60	60	49	41	26	25	16	18	43	44	45	41	40
PATRIKS	boys	latvia	0	0	0	0	0	0	0	0	0	0	0	0	0	0	0	0	0	62	49	35	49
PAULS	boys	latvia	98	97	0	0	0	0	0	0	0	0	0	0	0	0	0	0	0	0	0	76	45
PĒTERIS	boys	latvia	2	2	2	2	2	3	6	9	14	31	48	53	66	69	46	51	78	76	84	64	96
RALFS	boys	latvia	0	0	0	0	0	0	0	0	0	0	0	0	0	0	0	53	23	7	8	4	13
REINIS	boys	latvia	0	0	0	0	0	0	0	0	0	0	0	0	98	74	40	20	24	31	39	37	24
LŪKASS	boys	latvia	0	0	0	0	0	0	0	0	0	0	0	0	0	0	0	0	0	0	0	0	26
LEO	boys	latvia	0	0	0	0	0	0	0	0	0	0	0	0	0	0	0	0	0	0	0	0	42
RAIENS	boys	latvia	0	0	0	0	0	0	0	0	0	0	0	0	0	0	0	0	0	0	0	0	69
REGNĀRS	boys	latvia	0	0	0	0	0	0	0	0	0	0	0	0	0	0	0	0	0	0	0	0	82
KURTS	boys	latvia	0	0	0	0	0	0	0	0	0	0	0	0	0	0	0	0	0	0	0	0	77
LUKASS	boys	latvia	0	0	0	0	0	0	0	0	0	0	0	0	0	0	0	0	0	0	0	0	78
TEO	boys	latvia	0	0	0	0	0	0	0	0	0	0	0	0	0	0	0	0	0	0	0	0	92
ELIASS	boys	latvia	0	0	0	0	0	0	0	0	0	0	0	0	0	0	0	0	0	0	0	0	95
MARKUS	boys	latvia	0	0	0	0	0	0	0	0	0	0	0	0	0	0	0	0	0	0	0	0	100
ARTIS	boys	latvia	0	0	0	0	0	0	0	0	0	53	46	63	56	30	36	31	29	45	65	70	0
RAIVO	boys	latvia	0	0	0	0	0	0	0	0	0	0	62	87	0	0	0	0	72	70	60	89	0
AGRIS	boys	latvia	0	0	0	0	100	82	66	37	30	24	28	46	51	57	82	79	0	0	0	0	0
AIGARS	boys	latvia	0	0	0	0	0	0	0	76	20	10	9	16	20	27	34	44	69	0	0	0	0
AINARS	boys	latvia	0	0	0	0	0	0	0	0	56	45	67	0	0	0	0	0	0	0	0	0	0
AINĀRS	boys	latvia	0	0	0	0	0	0	0	0	39	17	24	40	59	78	84	0	0	0	0	0	0
AINIS	boys	latvia	0	0	0	0	0	0	0	0	0	98	0	0	0	0	0	0	0	0	0	0	0
AIVARS	boys	latvia	0	0	90	16	8	11	8	2	2	7	14	25	30	42	79	87	0	0	0	0	0
AIVIS	boys	latvia	0	0	0	0	0	0	0	0	0	0	66	74	75	86	78	71	77	0	0	0	0
ALDIS	boys	latvia	0	0	0	0	41	53	45	29	22	19	21	33	64	85	98	0	0	0	0	0	0
ALEKSIS	boys	latvia	0	0	0	0	0	0	0	0	0	0	0	0	0	0	0	0	68	51	62	0	0
ALENS	boys	latvia	0	0	0	0	0	0	0	0	0	0	0	0	0	0	0	0	99	94	0	0	0
ALFONS	boys	latvia	53	43	52	63	86	92	0	0	0	0	0	0	0	0	0	0	0	0	0	0	0
ALFREDS	boys	latvia	51	50	76	0	0	0	0	0	0	0	0	0	0	0	0	0	0	0	0	0	0
ALFRĒDS	boys	latvia	15	20	25	40	52	59	86	100	0	0	0	0	0	0	0	0	0	0	0	0	0
ALOIZS	boys	latvia	67	66	71	89	0	0	0	0	0	0	0	0	0	0	0	0	0	0	0	0	0
ALVIS	boys	latvia	0	0	0	0	0	0	0	0	0	0	85	0	0	99	95	69	0	0	0	0	0
ANATOLIJS	boys	latvia	74	75	61	45	37	21	9	13	19	35	43	61	71	80	0	0	0	0	0	0	0
ANDIS	boys	latvia	0	0	0	0	0	0	0	97	45	29	35	50	42	47	59	77	0	0	0	0	0
ANDRIS	boys	latvia	0	0	0	32	4	4	7	7	4	2	2	5	5	10	11	15	33	59	76	0	0
ANSIS	boys	latvia	63	73	0	92	68	81	0	0	0	0	0	0	0	0	0	0	0	0	0	0	0
ANTONS	boys	latvia	4	3	5	5	14	17	27	41	62	90	0	0	0	79	69	61	85	93	0	0	0
ARKĀDIJS	boys	latvia	0	0	0	0	0	0	100	0	0	0	0	0	0	0	0	0	0	0	0	0	0
ARNIS	boys	latvia	0	0	96	47	57	52	51	42	26	26	27	43	60	64	58	82	0	0	0	0	0
ARNOLDS	boys	latvia	11	8	16	27	35	37	56	86	100	0	0	0	0	0	0	97	0	0	0	0	0
ARSENIJS	boys	latvia	0	0	0	0	0	0	0	0	0	0	0	0	0	0	0	0	0	0	80	83	0
ERVĪNS	boys	latvia	0	0	0	0	0	0	0	0	0	100	0	98	0	0	0	0	0	0	0	0	0
ĒVALDS	boys	latvia	59	58	65	67	50	72	78	94	93	0	0	0	0	0	0	0	0	0	0	0	0
FJODORS	boys	latvia	62	74	81	77	72	73	75	84	0	0	0	0	0	0	0	0	0	0	0	0	0
FRANCIS	boys	latvia	35	45	56	85	94	0	0	0	0	0	0	0	0	0	0	0	0	0	0	0	0
FRICIS	boys	latvia	24	40	78	0	0	0	0	0	0	0	0	0	0	0	0	0	0	0	0	0	0
GATIS	boys	latvia	0	0	0	0	0	0	0	0	0	68	64	28	14	16	27	43	91	0	0	0	0
GENADIJS	boys	latvia	0	0	0	0	0	0	73	57	51	67	91	0	0	0	0	0	0	0	0	0	0
GENĀDIJS	boys	latvia	0	0	0	0	0	0	67	50	46	50	58	85	0	0	0	0	0	0	0	0	0
GEORGIJS	boys	latvia	80	92	70	53	54	47	58	66	92	0	0	0	0	0	0	0	0	0	0	0	0
GINTS	boys	latvia	0	0	0	0	0	0	0	0	99	42	34	34	43	65	65	75	98	0	0	0	0
GĻEBS	boys	latvia	0	0	0	0	0	0	0	0	0	0	0	0	0	0	0	0	0	84	86	88	0
GRIGORIJS	boys	latvia	52	65	54	62	58	63	65	77	80	0	0	0	0	0	0	0	0	0	0	0	0
GUNĀRS	boys	latvia	0	18	3	3	5	8	12	15	24	37	57	82	94	0	0	0	0	0	0	0	0
GUNDARS	boys	latvia	0	0	0	0	0	0	0	0	68	49	56	73	0	0	0	0	0	0	0	0	0
GUNTARS	boys	latvia	0	0	0	0	0	0	95	59	38	27	25	31	52	70	94	0	0	0	0	0	0
GUNTIS	boys	latvia	0	0	99	44	43	32	29	19	16	18	23	35	53	48	77	0	0	0	0	0	0
ĢIRTS	boys	latvia	0	0	0	0	0	0	0	0	0	76	47	26	34	58	57	70	87	0	0	0	0
HARIJS	boys	latvia	57	30	23	30	34	36	39	51	69	86	0	0	0	0	0	0	0	0	0	0	0
HELMUTS	boys	latvia	0	98	0	0	0	0	0	0	0	0	0	0	0	0	0	0	0	0	0	0	0
HERBERTS	boys	latvia	65	71	0	0	0	0	0	0	0	0	0	0	0	0	0	0	0	0	0	0	0
IGNATS	boys	latvia	73	100	0	0	0	0	0	0	0	0	0	0	0	0	0	0	0	0	0	0	0
IGORS	boys	latvia	0	0	0	0	0	70	38	21	9	3	6	8	11	13	14	41	52	77	0	0	0
MĀRIS	boys	latvia	0	0	0	96	28	19	17	20	13	9	8	6	6	11	15	29	60	79	94	98	0
MIERVALDIS	boys	latvia	81	90	80	91	89	80	80	96	0	0	0	0	0	0	0	0	0	0	0	0	0
MIKUS	boys	latvia	0	0	0	0	0	0	0	0	0	0	0	0	0	0	97	0	0	86	100	0	0
MODRIS	boys	latvia	0	0	83	57	46	41	37	31	37	48	70	93	0	0	0	0	0	0	0	0	0
NAURIS	boys	latvia	0	0	0	0	0	0	0	0	0	0	86	88	77	68	43	45	79	0	0	0	0
NIKOLAJS	boys	latvia	14	14	15	19	18	14	10	10	17	28	41	47	41	36	63	78	94	0	0	0	0
NILS	boys	latvia	0	0	0	0	0	0	0	0	0	0	0	0	0	0	0	0	88	73	75	0	0
NORMUNDS	boys	latvia	0	0	0	0	0	0	0	0	27	11	11	22	36	71	85	91	0	0	0	0	0
OJĀRS	boys	latvia	0	88	35	38	53	48	64	70	77	89	0	0	0	0	0	0	0	0	0	0	0
OĻEGS	boys	latvia	0	0	0	0	0	75	36	30	23	16	10	13	17	20	32	55	57	0	0	0	0
OĻĢERTS	boys	latvia	72	48	44	74	79	0	0	0	0	0	0	0	0	0	0	0	0	0	0	0	0
OSVALDS	boys	latvia	42	38	47	64	59	86	99	0	0	0	0	0	0	0	0	0	0	0	0	0	0
OTTO	boys	latvia	92	0	0	0	0	0	0	0	0	0	0	0	0	0	0	0	0	0	0	0	0
PAULIS	boys	latvia	68	0	0	0	0	0	0	0	0	0	0	0	0	0	0	0	0	0	0	0	0
PĀVELS	boys	latvia	38	47	36	42	48	39	50	47	53	55	60	49	31	26	29	50	56	82	0	0	0
PJOTRS	boys	latvia	75	89	85	78	73	68	54	65	67	83	0	0	0	0	0	0	0	0	0	0	0
VILIS	boys	latvia	21	22	33	39	31	38	59	74	94	91	0	0	0	0	0	0	0	0	0	0	0
VILNIS	boys	latvia	0	84	38	29	16	15	24	26	25	30	51	72	91	0	0	0	0	0	0	0	0
VISVALDIS	boys	latvia	48	39	32	35	47	62	81	88	0	0	0	0	0	0	0	0	0	0	0	0	0
VITĀLIJS	boys	latvia	86	83	62	41	44	49	44	40	40	41	20	20	16	15	19	46	89	0	0	0	0
VITOLDS	boys	latvia	91	82	66	55	64	67	90	0	0	0	0	0	0	0	0	0	0	0	0	0	0
VJAČESLAVS	boys	latvia	0	0	0	0	0	0	53	55	57	51	42	38	45	49	73	0	0	0	0	0	0
VLADIMIRS	boys	latvia	28	27	30	37	29	5	2	4	7	14	13	17	18	21	30	58	64	83	83	79	0
VLADISLAVS	boys	latvia	17	17	13	20	25	29	30	34	47	57	44	36	40	43	31	10	16	27	48	69	0
VOLDEMĀRS	boys	latvia	9	11	17	24	22	23	28	33	55	85	0	0	0	0	0	0	0	0	0	0	0
ZIEDONIS	boys	latvia	0	0	86	70	56	66	61	64	64	80	0	0	0	0	0	0	0	0	0	0	0
ZIGFRĪDS	boys	latvia	0	49	40	65	98	0	0	0	0	0	0	0	0	0	0	0	0	0	0	0	0
ZIGMĀRS	boys	latvia	0	0	0	0	0	0	0	0	0	0	0	0	85	0	0	0	0	0	0	0	0
ZIGMUNDS	boys	latvia	0	0	93	98	0	0	89	85	91	77	100	0	0	0	0	0	0	0	0	0	0
ZIGURDS	boys	latvia	0	85	43	43	55	65	76	68	76	93	0	0	0	0	0	0	0	0	0	0	0
ŽANIS	boys	latvia	20	24	57	0	0	0	0	0	0	0	0	0	0	0	0	0	0	0	0	0	0
ĀDAMS	boys	latvia	82	0	0	0	0	0	0	0	0	0	0	0	0	0	0	0	0	0	0	0	0
ĀDOLFS	boys	latvia	30	44	50	61	49	0	0	0	0	0	0	0	0	0	0	0	0	0	0	0	0
BOLESLAVS	boys	latvia	100	0	0	0	0	0	0	0	0	0	0	0	0	0	0	0	0	0	0	0	0
BOĻESLAVS	boys	latvia	58	78	0	0	0	0	0	0	0	0	0	0	0	0	0	0	0	0	0	0	0
BORISS	boys	latvia	77	93	94	94	90	44	43	44	63	63	81	96	0	0	0	0	0	0	0	0	0
ARVIS	boys	latvia	0	0	0	0	0	0	0	0	0	0	99	0	100	95	100	88	0	0	0	0	0
ARVĪDS	boys	latvia	5	5	7	18	20	26	32	43	58	70	0	0	0	0	0	0	0	0	0	0	0
ATIS	boys	latvia	0	0	0	0	95	0	0	0	0	99	87	99	95	92	0	0	0	0	0	0	0
RAIMONDS	boys	latvia	0	60	45	50	45	54	69	38	36	25	16	19	28	33	48	49	71	0	95	0	0
RAINERS	boys	latvia	0	0	0	0	0	0	0	0	0	0	0	0	0	0	0	0	65	41	74	0	0
RAITIS	boys	latvia	0	0	0	0	0	0	0	98	82	54	68	69	70	62	70	66	84	0	0	0	0
RAIVIS	boys	latvia	0	0	0	0	0	0	0	0	0	0	95	42	35	31	38	30	46	53	78	0	0
RINALDS	boys	latvia	0	0	0	0	0	0	0	0	0	0	0	0	0	0	0	84	67	61	81	84	0
RITVARS	boys	latvia	0	0	0	0	0	0	0	0	0	0	0	95	96	97	92	81	83	0	0	0	0
ROLANDS	boys	latvia	0	69	84	81	84	79	88	83	89	66	54	55	38	35	39	38	40	64	82	95	0
ROMANS	boys	latvia	0	0	0	0	0	0	0	0	0	0	83	64	54	63	66	90	0	96	93	92	0
ROMĀNS	boys	latvia	0	0	0	0	0	0	0	0	0	81	72	57	50	55	54	60	96	0	0	0	0
ROMUALDS	boys	latvia	0	0	0	84	85	94	0	0	0	0	0	0	0	0	0	0	0	0	0	0	0
RUSLANS	boys	latvia	0	0	0	0	0	0	0	0	0	0	71	32	32	45	53	74	86	80	97	0	0
SANDIS	boys	latvia	0	0	0	0	0	0	0	0	0	0	0	54	39	44	45	36	36	72	0	0	0
SANDRIS	boys	latvia	0	0	0	0	0	0	0	0	0	0	69	60	81	93	0	0	0	0	0	0	0
SERGEJS	boys	latvia	76	99	92	97	75	55	20	8	6	5	3	3	4	5	9	22	39	63	90	0	0
STANISLAVS	boys	latvia	50	76	88	90	0	100	0	0	0	0	0	0	0	0	0	0	0	0	0	0	0
BRONISLAVS	boys	latvia	95	0	0	0	0	0	0	0	0	0	0	0	0	0	0	0	0	0	0	0	0
BROŅISLAVS	boys	latvia	27	42	37	52	69	85	0	0	0	0	0	0	0	0	0	0	0	0	0	0	0
DAINIS	boys	latvia	0	0	0	95	63	42	31	23	21	23	26	29	33	41	64	72	0	0	0	0	0
DAŅILA	boys	latvia	0	0	0	0	0	0	0	0	0	0	0	0	0	0	0	0	0	95	0	0	0
DĀNIELS	boys	latvia	0	0	0	0	0	0	0	0	0	0	0	0	0	0	0	0	74	74	0	0	0
DIDZIS	boys	latvia	0	0	0	0	0	0	0	0	0	84	74	89	86	82	89	0	0	0	0	0	0
DONATS	boys	latvia	55	81	89	0	0	0	0	0	0	0	0	0	0	0	0	0	0	0	0	0	0
DONĀTS	boys	latvia	70	91	0	0	0	0	0	0	0	0	0	0	0	0	0	0	0	0	0	0	0
DZINTARS	boys	latvia	0	0	95	99	67	60	70	46	43	38	22	30	61	89	0	0	0	0	0	0	0
EDIJS	boys	latvia	0	0	0	0	0	0	0	0	0	0	0	84	78	81	72	47	55	98	0	0	0
EDMUNDS	boys	latvia	97	62	58	59	62	74	83	82	66	64	61	70	84	96	0	0	0	0	0	0	0
EDVĪNS	boys	latvia	0	79	49	36	39	56	71	54	50	69	84	0	0	0	0	0	0	0	0	0	0
EGILS	boys	latvia	0	0	0	0	0	89	79	72	65	65	76	0	0	0	0	0	0	0	0	0	0
EGONS	boys	latvia	0	86	53	60	97	77	82	79	88	0	0	0	0	0	0	0	0	0	0	0	0
EINĀRS	boys	latvia	0	0	0	0	0	0	0	0	95	71	0	0	0	0	0	0	0	0	0	0	0
ELMĀRS	boys	latvia	33	25	24	33	40	45	62	73	81	94	0	0	0	0	0	0	0	0	0	0	0
ELVIJS	boys	latvia	0	0	0	0	0	0	0	0	0	0	0	0	0	0	56	64	0	0	0	0	0
ELVIS	boys	latvia	0	0	0	0	0	0	0	0	0	0	0	0	0	0	0	25	44	0	0	0	0
ENDIJS	boys	latvia	0	0	0	0	0	0	0	0	0	0	0	0	0	0	0	0	0	87	0	0	0
ILGONIS	boys	latvia	0	0	0	93	87	0	84	75	75	88	0	0	0	0	0	0	0	0	0	0	0
ILGVARS	boys	latvia	0	0	77	71	0	0	98	81	72	73	97	0	0	0	0	0	0	0	0	0	0
ILMĀRS	boys	latvia	90	36	28	28	27	40	41	39	34	40	53	75	83	98	0	0	0	0	0	0	0
IMANTS	boys	latvia	45	16	4	4	6	10	14	17	28	39	65	78	88	87	0	0	0	0	0	0	0
INDULIS	boys	latvia	0	0	98	0	99	93	85	87	87	0	0	0	0	0	0	0	0	0	0	0	0
INGUS	boys	latvia	0	0	0	0	0	0	0	0	0	0	96	86	46	59	68	93	0	0	0	0	0
INTARS	boys	latvia	0	0	0	0	0	0	0	0	0	0	0	77	74	90	0	0	0	0	0	0	0
INTS	boys	latvia	0	0	0	0	0	0	0	0	0	96	93	0	0	0	0	0	0	0	0	0	0
IVARS	boys	latvia	0	0	64	15	10	16	19	14	12	15	17	23	23	29	51	63	0	0	0	0	0
IVO	boys	latvia	0	0	0	0	0	0	0	0	0	0	39	56	65	77	88	76	0	0	0	0	0
IZIDORS	boys	latvia	88	0	0	0	0	0	0	0	0	0	0	0	0	0	0	0	0	0	0	0	0
JAKOVS	boys	latvia	85	0	0	0	0	0	0	0	0	0	0	0	0	0	0	0	0	0	0	0	0
JAROSLAVS	boys	latvia	0	0	0	0	0	0	0	0	0	0	0	0	0	0	0	0	0	0	99	0	0
JĀZEPS	boys	latvia	7	6	6	8	19	25	35	56	73	0	0	0	0	0	0	0	0	0	0	0	0
JEVGENIJS	boys	latvia	0	0	0	88	88	76	60	67	85	95	94	79	55	61	75	0	0	0	0	0	0
JEVGEŅIJS	boys	latvia	0	0	0	0	0	83	68	69	84	92	77	66	47	38	55	0	0	0	0	0	0
JEVGĒNIJS	boys	latvia	0	0	0	0	0	98	77	93	96	79	89	76	62	50	52	95	0	0	0	0	0
JOSIFS	boys	latvia	49	72	97	0	0	0	0	0	0	0	0	0	0	0	0	0	0	0	0	0	0
JURIJS	boys	latvia	0	0	0	0	0	30	13	12	10	13	12	14	15	14	35	86	97	0	0	0	0
JURIS	boys	latvia	32	41	31	11	3	2	3	5	5	6	7	7	13	17	21	34	59	0	0	0	0
JŪLIJS	boys	latvia	69	95	0	0	0	0	0	0	0	0	0	0	0	0	0	0	0	0	0	0	0
KASPARS	boys	latvia	0	0	0	0	0	0	0	0	0	0	29	11	8	9	10	17	49	58	77	0	0
KAZIMIRS	boys	latvia	36	46	72	100	0	0	0	0	0	0	0	0	0	0	0	0	0	0	0	0	0
KIRILLS	boys	latvia	0	0	0	0	0	0	0	0	0	0	0	0	0	0	0	0	0	100	54	71	0
KONSTANTĪNS	boys	latvia	40	52	59	76	93	99	97	0	0	0	88	68	69	51	61	0	0	0	0	0	0
KRISTS	boys	latvia	0	0	0	0	0	0	0	0	0	0	0	0	0	0	0	94	70	91	0	0	0
LAIMONIS	boys	latvia	56	29	19	23	33	43	52	63	78	0	0	0	0	0	0	0	0	0	0	0	0
LAIMONS	boys	latvia	0	87	79	68	81	0	0	0	0	0	0	0	0	0	0	0	0	0	0	0	0
LAURIS	boys	latvia	0	0	0	0	0	0	0	0	0	0	0	80	49	34	37	28	37	40	57	87	0
LEONĪDS	boys	latvia	87	80	46	48	66	46	34	35	44	61	73	91	99	0	0	0	0	0	0	0	0
LINARDS	boys	latvia	0	0	0	0	0	0	0	0	0	0	0	0	0	0	0	100	82	75	85	97	0
LUDVIGS	boys	latvia	66	0	0	0	0	0	0	0	0	0	0	0	0	0	0	0	0	0	0	0	0
MAIGONIS	boys	latvia	0	0	100	0	0	0	0	0	0	0	0	0	0	0	0	0	0	0	0	0	0
MAREKS	boys	latvia	0	0	0	0	0	0	0	0	0	0	82	21	25	46	71	59	50	43	64	0	0
STAŅISLAVS	boys	latvia	8	10	11	17	26	27	33	48	59	78	92	0	0	88	87	0	0	0	0	0	0
STEPANS	boys	latvia	94	0	0	0	0	0	0	0	0	0	0	0	0	0	0	0	0	0	0	0	0
TĀLIVALDIS	boys	latvia	93	70	73	72	0	95	96	0	0	0	0	0	0	0	0	0	0	0	0	0	0
UĢIS	boys	latvia	0	0	0	0	0	0	0	0	0	56	52	62	76	75	74	0	0	0	0	0	0
ULDIS	boys	latvia	0	56	26	14	15	18	18	18	18	22	19	24	27	32	60	99	0	0	0	0	0
VADIMS	boys	latvia	0	0	0	0	0	0	0	0	90	46	37	27	22	24	24	32	45	60	79	99	0
VALDIS	boys	latvia	41	32	20	13	11	9	11	11	15	21	30	45	57	54	80	83	0	0	0	0	0
VALENTĪNS	boys	latvia	78	96	82	75	74	58	57	60	79	82	98	94	97	0	0	0	0	0	0	0	0
VALERIJS	boys	latvia	0	0	0	0	0	61	22	27	35	34	63	81	92	0	0	0	0	0	0	0	0
VALĒRIJS	boys	latvia	0	0	0	0	0	64	21	22	29	20	32	39	72	83	90	0	0	0	0	0	0
VASILIJS	boys	latvia	43	55	48	49	51	50	46	45	49	72	0	0	0	0	0	0	0	0	0	0	0
VASĪLIJS	boys	latvia	0	0	0	0	0	0	94	92	0	0	0	0	0	0	0	0	0	0	0	0	0
VERNERS	boys	latvia	96	0	0	0	0	0	0	0	0	0	0	0	0	0	0	0	0	0	0	0	0
VIKTORS	boys	latvia	16	15	14	12	13	7	5	6	8	12	15	18	19	22	25	42	54	78	0	93	0
VILHELMS	boys	latvia	89	0	0	82	80	91	0	0	0	0	0	0	0	0	0	0	0	0	0	0	0
DĀVIDS	boys	latvia	0	0	0	0	0	0	0	0	0	0	0	0	0	0	0	57	53	38	51	47	34
